{
    "HbA1c_level": 0.21055071005852286,
    "age": 0.1689762588935508,
    "hypertension": 0.0869480134835484,
    "bmi": 0.08688017113075812,
    "blood_glucose_level": 0.05953059494442681,
    "heart_disease": -0.027694704983543688
}